set global FOREIGN_KEY_CHECKS=0;

insert into role values ('CANDIDATE'),('COMPANY');

insert into area_of_interest(id, name) values('id1', 'SAP'), ('id2', 'AreaOfInterest2'), ('id3', 'AreaOfInterest3'), ('id4', 'AreaOfInterest4'), ('id5', 'AreaOfInterest5'), ('id6', 'AreaOfInterest6');

insert into user values('candidate2@test.com', '$2a$10$zf0bW6kgIIiSQLjngsjH4uONBP0Gd6unxXMK94zDE5gTQW9YDAGpm', '', 'CANDIDATE');
insert into user values('candidate@test.com', '$2a$10$acZpcj5lOAgv0LhJvNvR5.3WcqNjXxhKhgiYssz5s5TlX1AImInzi', '', 'CANDIDATE');
insert into user values('company@test.com', '$2a$10$PqNblYEcJTtMXmKiP3kLae4v5i/dvklkYrQwjHw3KyMRlbr0EsIwO', '', 'COMPANY');
insert into user values('company2@test.com', '$2a$10$hHLVs61e9zCDaxqZ7Q/IQuEDueWnY8PvieODHw72SzzFJE0el05Za', '', 'COMPANY');
insert into user values('contact.biru.software@gmail.com', 'parolaOarecare', '', 'CANDIDATE');

insert into candidate(email) values('candidate@test.com');
insert into candidate(email) values('candidate2@test.com');

insert into company(email, name) values('company@test.com', 'company');
insert into company(email, name) values('company2@test.com', 'company2');

insert into internship(id, name, company_email, nr_applicants, nr_months) values('122', 'internName1', 'company@test.com', 4, 3);
insert into internship(id, added_date, name, company_email, nr_applicants, nr_months, area_of_interest_id) values('123','2017-02-01', 'internName1', 'company2@test.com', 4, 3, 'id1');
insert into internship(id, added_date, name, company_email, nr_applicants, nr_months, area_of_interest_id) values('124','2017-02-01', 'internName2', 'company@test.com', 4, 3, 'id1');
insert into internship(id, added_date, name, company_email, nr_applicants, nr_months, area_of_interest_id) values('125','2017-04-01', 'internName2', 'company2@test.com', 4, 3, 'id3');
insert into internship(id, added_date, name, company_email, nr_applicants, nr_months, area_of_interest_id) values('126','2019-02-06', 'internName3', 'company2@test.com', 4, 3, 'id2');
insert into internship(id, added_date, name, company_email, nr_applicants, nr_months, area_of_interest_id) values('127','2018-02-09', 'internName3', 'company@test.com', 4, 3, 'id2');
insert into internship(id, added_date, name, company_email, nr_applicants, nr_months, area_of_interest_id) values('128','2011-02-03', 'internName4', 'company2@test.com', 4, 3, 'id4');
insert into internship(id, added_date, name, company_email, nr_applicants, nr_months, area_of_interest_id) values('129','2018-02-02', 'internName5', 'company@test.com', 4, 3, 'id5');
insert into internship(id, added_date, name, company_email, nr_applicants, nr_months, area_of_interest_id) values('130','2019-02-04', 'internName6', 'company2@test.com', 4, 3, 'id6');

insert into application(id, internship_id, candidate_email) values('app1', '123', 'candidate@test.com');
insert into application(id, internship_id, candidate_email) values('app2', '124', 'candidate2@test.com');
insert into application(id, internship_id, candidate_email) values('app3', '125', 'candidate@test.com');

insert into company(email, address, logo) values('a@a', 'adress', '89504E470D0A1A0A0000000D494844520000077A000003A308060000005DBB051D000000017352474200AECE1CE90000000467414D410000B18F0BFC6105000000097048597300000EC200000EC20115284A80000055E349444154785EECDD3B76DA5A1B06E04FFF58E0145E1E011E01A471E5D61D94A649E7D25D1A284D97D6959BC008CC08BC5C04E6C22F8130C201DFE3B0E179CE528E90D0D605902FAFBFBDB3592E0000000000000048C6FFCAFF030000000000009008412F000000000000406204BD000000000000008911F4020000000000002446D00B0000000000009018412F000000000000406204BD000000000000008911F4020000000000002446D00B0000000000009018412F000000000000406204BD000000000000008911F4020000000000002446D00B0000000000009018412F000000000000406204BD000000000000008911F4020000000000002446D00B0000000000009018412F000000000000406204BD000000000000008911F4020000000000002446D00B0000000000009018412F000000000000406204BD000000000000008911F4020000000000002446D00B0000000000009018412F000000000000406204BD000000000000008911F4020000000000002446D00B0000000000009018412F000000000000406204BD000000000000008911F4020000000000002446D00B0000000000009018412F000000000000406204BD000000000000008911F4020000000000002446D00B0000000000009018412F000000000000406204BD000000000000008911F4020000000000002446D00B0000000000009018412F000000000000406204BD000000000000008911F4020000000000002446D00B0000000000009018412F000000000000406204BD00008998F64FE2A43F2D1F0100000000874CD00B0000000000009018412F000000000000406204BDF097E9661380D71B4527CB227B9C4EE2B92F21C5D798C7E776468B85A34E6427FD586C368DFEC9F36D00000000006912F40200EC8C665CCF66315B4EC3E3E89E2F43DB27A6FD38BF398B49F9DC61B4629EF536AF6378DC8DF3FE347FCA79DC9CFD8C8BDA621300000000607F087A010076C85A956E6B502EFDD3F4D74D8CC7DDA897CF2D9E7AFF7B110937AF8771DCAD47BD7B1C97525E00000000D84B825EF830DD6C02F0498A2ADDEE710C9715BD935E34CA551BB587ABEADF7CBA5B86BAD3DF71BF980300000000F694A0173E4C379B007C92C9438C1B47512F1F8E7E74635CCE3F55FB76168DC16D947F3254318DFE79378E87B398F4EEA3B5FCA3220000000060AF087AE113E86613804F51FEE1CFE3D78968E7FF6D51BB889F45905B3E77D9A344F10743DDE3615C378BA75C467B50FE511100000000B057B259515608BCDFB41F27F587B89C5D4773F9F83CE2E7DD4514716D11029FC7CF79779AC57CFDE13266C56FDF9F9AB753546EB563B86C0B0000000000003650D10B1FA59B4D000000000000BE98A0173E4A379B0000000000007C315D37030000000000002446452F000000000000406204BD000000000000008911F4020000000000002446D00B00000000000090986C962BE70100F80259969573BC856F5B010000006045452F000000000000406204BD000000000000008911F4020000000000002446D00B00000000000090986C962BE78167645956CEF194DB08C0DB6CFA9AE25EBACE350200000080E7A9E805000000000000488CA0170000000000002031825E00000000000080C4087A010000000000001293CD72E53CF08C2CCBCAB99543FCF8B80E001FE75EFA32D708000000009E27E88557F20BE705D701E0E3DC4B5FE61A0129DA74EF222DBED600000029D17533000000000000406204BD000000000000008911F4020000000000002446D00B00000000000090986C962BE78167645956CEAD1CE2C7C77500F838F7D297B946408ADCBBD2E2F502000052A7A2170000000000002031825E00000000000080C4087A010000000000001223E8059235EA64F371B58AE9A43F2D9796CB3BA3F2110000000000C0FE11F402691A75A275DF8BC96C16B37CBA7CF811CB68B7799D2FBB6E968F000000000000F68FA017D80BCDEBEB5846BBD3FE49A5C277149D937EF41FAB7F3BF9927CD9864AE0223C5E56081793A2600E890A790000000080B4087A813435AF6378DC8DFA93506AA371376E8E26F3CADF617B10ADEC2A8E26B3984D7A11DDB21278DA8F93D67DF48AE5459570BEEEBE75122F350D7B41853C00000000407204BD40B2E601D46C126737F5C8B2E742D9765C5ED4E673F5A346FEF032E60F6BDFE2AC711FBF8BED260F315E2E2FD42EE2B23D8E9B5F925E0E8F0AF97FA37ABD4C59795500000000806D04BD40E26A71715754EAFE9D50F6F8BF65F20B7B4C853C00000000407204BD40928A2AC35585E0347EDF7F3094AD1F456370B50AA2A6FDB81A34E2A85E3E863DA7421E00000000202D825EF8804D5D4DEEFBB42B6A179711ADE571D5A37B3C8C0F0D235ABB88BBE17174EB659BF56E1C0FEF5641151C0415F20000000000A910F402896AC675D125EC72AAA4BCB58BBBB87B4C688BE7ADC61B2DD6AD9E5B845A9530B779BD6A2F9F3E141C434254C80300000000A447D00B00074E85FCD7ABFE5189E9F51300000000B092CDFCD60C5E6597BA2DDE356E230000B0F96706DF2BEF2EAF170000903A15BD000000000000008951D10B0000009F4085685ABC5E000040EA54F4020000000000002446D00B0000000000009018412F000000246D149DAC93FF0B0000C02111F4024928C6CF32BD7D020060BF8C3A95EFF74EFA312D97BFCF34FA2727D17F6CA4088C2BED1753E7ABE2E3A7C7529EEB97ED1F0000203D825E0000004840117CB66218B3D96C315D3EC4793519FD148DE84DCAF68BE9BA592EFF7ACDEB7FBB7F0000805D27E8050000805D37EDC7D5A01DC36AF0D9BC8EBB8B5AF920E277FFE4B112775508FBB44A7759355B54D0D6A33B1E47B79E2F7FAE3A78D4A9AC7F52795BACFBA3EDE27057C7B2AACA5D7431DDAFAC3B996FB0F9588A3616EB4B6BFB7A7A8EEBED2A040600000E81A01700000076DDE421C68DA3A8970FFF3488EEC3E5A20A77D88E416B39666F33AE97D5B9F375C7D13D2F82D45A5CDC4DA2D7282B78EF2EF22585326C9D07A66570DBBC8EE171775E3D3CED9FC7CDD9CF58E4CBA3E8B4EE2B15C0778BE5D37E9CDF9CC5A4DCE7305A95E0751037F1B37CFE308EBBE7F93EB61D4B45DEE649755F935EDCB7AA5D3D6F3B7F000080FD25E805000080E455AA7D9BA7F9A395B5EADAD6A05CBA4DB5EBE632B8CD35AF8B50B61EF5EE715C2E178E6E63D0388B6F4F52D9E9AF9B188FBB512FF759ECF2FEF732916DAFB68F669CB6C7F130291F3EA708BADB978FC713B58BB8CCB7BDF9B56A77DBF9030000EC2B412F90ACC52F9F4CCB095EF2F80B5ED31F1300ECBCFA5134C60FF19A4C744D515DDB3D8EE1F2FBC6492F1AE5AA3799FE8EFB72F655DA95B184F3A9DAC5F4673AFEEFEFB40B00009002412F000000ECBADAB7386B0CA2551D7CB6E8CEF8A5C1689F74F93CFAD18D7139FF7AD3E89F77E378388B49EF7E750CF3F0F9261E8B6A4BB56F67D118DC6EE93A791057CBFE96E7E30E37E2687B7FD42BC5BE0657ABAE9ADFB22D0000C09E12F4020000C0CE2BC7B1BD6FAD7AA5A83FC4E5B2BBE26DCAF1751FBB518E76A55BE35A7C3B8BC598BC27C5B8BD85EA18BDF9D41945312E6FF77818C5AE6A1797D11E9463EED62EE267AFDC7EFEFC72CCDCF9F2FB682DDB582E9F6BC7599C2F96D78BF078D93DF4A663A9C8DBBC2BC6175EEE6B6D5B000080C394CD8A3E9400765CF1CB9CA7DCBED6B946BC64D37B84059F15003E83EFC75E328A4E761BA7B3EB78219EFE125E2F000020752A7A0100000000000012A3A2174882BFB67F996BC44BBC47165C0700FE165F63D2E2F502000052A7A2170000000000002031825E00000000000080C4087A010000000000001223E805000000000000488CA0170000000000002031825E00000000000080C4087A010000000000001223E805000000000000488CA0170000000000002031825E00000000000080C4087A010000000000001223E805000000000000488CA0170000000000002031D92C57CE03ECAC2CCBCA39DEC22D9EAA4D9FA3437C8FB80E00FC2DBEC6A4C5EB050000A44E452F000000000000406204BD0000000000000089D1753390045D37BF8F5B3C553E47DBF9AC00F01974059C16AF170000903A15BD000000000000008951D10B00074245EF76BE1D02E033A8104D8BD70B0000489D8A5E00000000000080C4087A0100000000000012A3EB66000000F804BA024E8BD70B0000489D8A5E00000000000080C4087A010000000000001223E805000000000000488C317A010000E0136C1AF395B4F815090000901215BD000000000000008911F4020000000000002446D7CD00005F44979E1FE75B576097B9CFA7CFD719000020252A7A0100000000000012A3A217B6F0D7F8DBB96D00BC8FAF2D1FE76B10000000002CA8E805000000000000488CA0170000000000002031BA6E862D74AFB99DDB06C0FB6CFADAE29EBA9DEB0500000000DBA9E805000000000000488C8A5ED84215D182EB00F079DC53DFC6F50200000080ED54F4020000000000002446D00B0000000000009018412F000000000000406204BD000000000000008911F4020000000000002446D00B0000000000009018412F000000000000406204BD000000000000008911F4020000000000002446D00B0000000000009018412F0000000000004062B259AE9C072AB22C2BE7560EF1E3E23A007C9E4DF754DEC6D720000000005850D10B0000000000009018412F000000000000406204BD000000000000008931462F6C611CC5EDDC3600DEC7D7968FF33508000000001604BDB0855FC66FE7B6010000000000F06FE9BA190000000000002031825E00000000000080C4087A0100000000000012638C5E00000000000080C4A8E805000000000000488CA0170000000000002031825E00000000000080C4087A010000000000001223E805000000000000488CA0170000000000002031825E00000000000080C464B35C390FB073B22C2BE7782FB7790000000000D83F2A7A0100000000000012A3A217D8692A7A3FCE6DFE70F9FC6CE7730100000000A44E452F000000000000406204BD0000000000000089D17533B0D336753DEBB6B59DEB4595AE9BB7F3B9000000000052A7A21700000000000020312A7A819DA642F56D5C2FAABC1F165C0780C3B12FBD59F83A050000C06BA8E805000000000000488CA0170000000000002031825E00000000000080C4087A010000000000001293CD72E53CC0CEC9B2AC9C5B71DBDACEF5A2CAFB61C17500381C29DEF37D9D020000E0BD54F4020000000000002446D00B0000000000009018412F000000000000406204BD000000000000008911F4020000000000002446D00B00000000000090986C962BE701764E9665E51CEFE5367FB8367D7E0EF1FDE03A001C8E14EFF9BE4E010000F05E2A7A010000000000001223E805000000000000488CAE9B819DA6EBE68F739B3F5CBA825C701D000E87AE9B0F879F130E8BCF0400006C26E805769A5FE07C9CDBFCE1F2F9D9CEE702603F097A0F87EF730E8BCF0400006C26E805803DE517A0DBF9F607603F097A0F87EF730E8BCF0400006C668C5E00000000000080C4087A0100000000000012A3EB6600D853BA34DCCEB73F00FB49D7CD87C375DB5F5E5B0000783D412F0000007B41D07B385CB7FDE5B5050080D7D37533000000000000406204BD000000000000008911F40200000000000024C618BD50B1692C20D867BE040000FBC418BD87C375DB5F5E5B0000783D15BD000000000000008911F4020000000000002446D00B000000000000901863F44285B180F85736BDF73E53F13EF6FE0600F65D8ADFEFF81EED7D5CB7FDE5B5050080D753D10B0000000000009018412F000000000000406274DD0C15BA88E25FD9F4DEFB4CC5FBD8FBFB70FCEDF713EC1AF7326029C5EF777C8FF63EAEDBFEF2DA0200C0EBA9E805000000000000488CA0176047157FB5FE9E090000000000D87F825E00000000000080C4087A010000000000001293CDF4F3098FB22C2BE7567C44F80A9FF9DEDBD696F7F7E1F05AF3AF6C7AEF7D26F732E02529DE23DCD7DEC775DB5F5E5B0000783D15BD000000000000008911F4020000000000002446D00B0000000000009018412F000000000000406204BD0000FC35B3D9EC5D1300000000F03C412F000000000000406204BD000000000000008911F4020000000000002446D00B00000000000090986C962BE7E1E0655956CEADF888F0153EF3BDB7AD2DEFEFC3E1B5E65F712F03FEB54DF78814B9AFBDCCD783FDE5B5050080D753D10B0000000000009018412FC08E2AFE92FD3D130000000000B0FF04BD000000000000008911F40200000000000024269BE5CA7938789BBABDF511E12BFCED2E978BF7B1F7F7E1F05AF3AF7CE67B6F5B5BDEDF00147C3DD85F5E5B0000783D15BD000000000000008951D10B15FE72987DE6FD7D38BCD6FC2B9FF9DEDBD696F73700055F0FF697D71600005E4FD00B159B7EA0847DE64BC07EF2CB31FE95CF7CEF6D6BCBFB1B8082AF07FBCB6B0B0000AFA7EB6600000000000080C4A8E8858A4D7F390CFBCC9780FDA40A827FE56F7F1D2DDEC7DEDF00147C3DD85F5E5B0000783D15BD000000BCC334FA275964D949F4A7E5A247A3E864C5BA4E3EB7AB96C758993A5F75B4C5B55BBF6EA3CE57EE7F3FADBD96A664270000E0F504BD000000BC5323DAED889B5F4F92DED16D0C1A8D7CEDAE6B446F329B570BCEA7EB66B9FCEB35AFFFEDFE010000488FA0172A1E7FC163321DC80400F05147A76711DD1F95CADD69F4AFEEA377992FAF98F64F56557B8F95ABCBAAE0E5B4AC00DEB6FC6915EE86AAD8EAFA937EDED2B67D6F31EA3C6EB7388ECA3E8A758FEDAF966F6EBF38D64EF42BEB4EE61B146DD6A33B1E47B79E2FAF1CE3627D696D5F59AC0EFBCF7615020300001C26412F000000EF57FF16678D41DC2EC3C6E9AFB889B3F8562F1F17A6FD38BF398B49F9C766C3682DC2C9D18FE81E0F2B7F88761DF39AD66DCBF37FAF1F97E5D3F038BAE765289BEFE3EABE57EE6318EDA25AF7E745D4B6ED7BAE0C5BE7816919DC36AF6378DC8DF3FCC1B47F1E37673FE3A2563C77149DD67DA502F86EB1FCD9F607F9B5F8593E7F18C7DDF37C1FB5B8B89B44AF515613DFE5C7583EFB51DEE649755F935EDCB7AAA1F620BA0F978B75C3760C5ABBDC45360000007F8BA01700804FB10832FEDE04ECAA5A5C5CB6635026BDA31FDD38BE5C0F2FA7BF6E623CEE46BDAC406D0D22EE7F4F239AA7D11EB4F2654F82CA6DCB736BD5B345432FD8BAEFB96AD7CD65709B6B5E17A16C3DEADDE3B85C2E9C77477D16DF9EA4B2CFB7DF5E6D1FCD386D8FE361523E7CCEE421C6EDCBC7E389DA455CE6DBAEBAC86EC770D9CD7371AD16730000001C18412F001C80C75F889B4C894FC08E9A07B357D19F8EE276D08ED34D43CDB6AB15BAB3B89BA798CB0ADDD3B89D7FCE97C1EE96E545F56CF73886CB7626BDD538C0B5FFE2F831706DC57D6F59899BDBB8EF674C7FC77D39FB2A6F6DFF9D8EFFFB3BEDA6A87ABD4DFB3F0100009B097A010000F8A045B56AB75E04ACDFF347EB6ADFCEA231B87DA67BE122D82DBA33AE74013DF7647951E9DA388A65AFD045F5F0B89C2F2A6EEF7B93C7606819B6BEBCEFA7A6D13FEFC6F1701693DE7DB496FD30D78FA231BE89C7A2DAD2F3ED0FE26AD9DF72D1B5F4A01147D52EADB729F6350FCECBC76FD9160000808321E8050000E0C39ADF8BEADA469C3DEDDBB850BB889F45685A56E72FC7C35DEB8639ABCFC7E52D7A24DEB67C397EEE6337C9D15E755B5C3F8AE8D62BDB658BB172B7EC7BA13A466F3EE51B14E3F22EF757BBB89C7721BD6AA7D8C593769E6DBF1D6771BE585E2FC2E365F7D0B5F87656B675528E315C95B779578C3FBCDCD7DAB6000000B090CDF48103007BA5F885301C12DFCE028551278BABA3C9AADBE45127B2DBD3982DC7B2FD72A3E864B7713ABBFEA3C2190000003E838A5E00000092575414AF55F4B62286FF2CE405000080BF4F452F000000000000406254F4020000000000002446D00B0000000000009018412F000000908C51A71C87B9984EFA312D97A7651AFD9393E8570E7E7E5E9D51F9E8BD46D1595E9BE5F4E1365FEB6F9D130000B08DA0170000004842111CB66218B3D96C315D3EC47935594C58F33A3F9FEB66F9E8231AD19B94D7A7983EA5CDF7F9BC730200003611F402000000BB6FDA8FAB413B86D5E0B0791D7717B5C5FCA8B356C9BA2A242DAA5C3BD1EF9FFCB1AE088E4F2A41F1B4784EB9723EBF6CEFB1B145D56AA7B358B7D8B658B6DA6F96EF6BF1ECA7D5B5CB6AD7E2F9F5E88EC7D1ADE7CBCBAAE4627FD56379CFF96C55B4F558FDFCA4F2766D3FABE59BCFFFCF7DAFAEC1179F13000020E8050000001230798871E328EAE5C335D37E9CB4EE5795AC935EDCB7AADD080FA2FB70B958376CC7A0B508639BA7ED18DFFC7A0C407FDD44F4BE37E7ED9DDF9CC5A4AC8A1D46AB123C8EF3D6166DCD43E6D18FE81E57AA8C67D7B188A29B71FDB82C9F86C7D13D2F02D05A5CDC4DA2D7282B6FEF2EF2254FBCF37C16CAB0751E9896DB34AF6378DC9D573F4FFBE77173F63316F9F8283AD5FDCCEE16CB9F3DFF41DCC4CFF2F9C338EE9EE7FBF8DBE70400006C22E805000000D25684C0EDCB32BCCCD52EE2B23D8E9B5FCB14B15209DC3CCD1F958AF9F14DCC9F36FD15377116DFF236A6BF6E623CEE46BDAC2E6D0D22EE7F2FDB6A2CC2E0A5A28D412B7FDE9FC1E45A556CD1C86BBDF77CE6AA5D3797C16DAE795D84B2F5A8778FE372B970741B83C6E29CAB9E3FFFF66AFB68C6697E5C0F93F2E1733E744E0000C026825E00000060F7D58FA2317E88D7648A4BC7FF3D4930FFB0082A8BB0B10837E3ECDBAA12B55DADD22DAB77375A56EE9EC6ED3C182D03DFA22AB67B1CC3651B935E34E6CF7FBF97CFE719D3DF715FCEBECAABCFFF633E744E000070E004BD000000C0EEAB7D8BB3C6205AD5C15B8BEE808BC745083CB85A75039C2FBF1A34E268633FCFEB9ADF7B11373FE2C73CE75D848EB56F67797BB76FEC3AB8087C8BEE8B07715B6CF8A4ABE9D18F6E8CCBF9177DE07C369B46FFBC1BC7C3594C7AF7AB6B380FCFCB8AE68AE7CF7F1057CB037BCB717DFA39010000825E0000002001E538B0F74537C96577C8F587B82CBAFBAD5DC45D3106EE726CDA7A116AAEBA2D7E561120C720FFAFD28571DEDECF22105DEE6739D6ED066BDD3367F5F978BDF31E88CB71711FBB3F8E76A53BE25A7C3B8BC5F19E14E3F63EF191F3591BA3379F3AA3FC18CF1F8FAB767139EF6A7A9EF5CECFB33C8EF9F3CBF37CF6FCDBF9953A5F2C5F3BAEBF794E0000C026D9ACE87F07000000009E358A4E761BA7B3EB2847D3050000FE2115BD000000000000008951D10B000000000000901815BD000000000000008911F4020000000000002446D00B0000000000009018412F000000000000406204BD000000000000008911F4020000000000002446D00B0000000000009018412F000000000000406204BD000000000000008911F4020000000000002446D00B0000000000009018412F000000000000406204BD000000000000008911F4020000000000002446D00B0000000000009018412F000000000000406204BD000000000000008911F4020000000000002446D00B0000000000009018412F000000000000406204BD000000000000008911F4020000000000002446D00B0000000000009018412F000000000000406204BD000000000000008911F4020000000000002446D00B0000000000009018412F000000000000406204BD000000000000008911F4020000000000002446D00B0000000000009018412F000000000000406204BD000000000000008911F4020000000000002446D00B0000000000009018412F000000000000406204BD000000000000008911F4020000000000002446D00B0000000000009018412F000000000000406204BD000000000000008911F4020000000000002446D00B0000000000009018412F000000000000406204BD000000000000008911F40200000000000024269BE5CA7976589665E51CF0AFB85D020000000000BB42452F000000000000406254F42642452FFC7B6E970000007E47912A3FD30200EC1F15BD000000000000008911F4020000000000002446D7CD89D8D42D92970EFE1E9F39000080CD74DD9C263FD30200EC1F15BD000000000000008951D19B08D585F0B57CE600000036F3F3D2EEF31A01001C0615BD000000000000008911F4020000000000002446D00B0000000000009018412F000000000000406204BD000000000000008911F4020000000000002446D00B0000000000009018412F000000000000406204BD000000000000008911F4020000000000002446D00B0000000000009018412FBCC934FA275964593E9DF4F347000000000000F0F504BD2469D4795BD03AED9F44D619958F3E60F423BAE3760C67B398DD5D44AD5C0C0000000000005F49D04B32AA616DF3FA1F06AD8DA3A897B37FC5A81359D6894F88A5010000000000D853825E76DE3CE0CDB2388F9F31BB6ECE97CD2B7A1F2B7417DD297746A3E8145D2ACFA793E8CFCB7D17EBEADD71C4A0355F77B258F1B86EF1FC62AA86AB455B791BFD22745DACEB17C7D11A448CBB512F962DF73FEDC7C9631BC5712C16CF6D5DF7CCBE9BD7319B9DC6EDD3E50000000000005012F4B2B396016FFDE13266B359DC5D3C5FBF3B685DC5D164367FEEB03D8EEE8F2222ADC5C5DD2C26BD46447BB8D6CEA8538FEEF16259314D7AF7D15AEB0E3A6FA31B8B6E9A67D771717117B3613BA2D18B49B16C1E3A8FA2731EF1F3B18D460CAE966DE4EBEA7903BD49B98F6144B9EEE57D37E3BA5837398A2B812F0000000000004F087AD94945C85BBF39AB04AA2F6B0FEF629905374FDB11F7BF2BC1E913D37E5C0D1AD1FBBE6ABB767119EDF14DFCAA6CD41E5EC7F37B6FC675A50BE9DAB7B3688C1F62523C18DDC620DA71F9185097CF7DE5BEE76A1771575C8361444BD80B00000000004049D0CB4EAA5DDCC5E4EC66BD8BE44F378E6E7DD9757231B56250AE798B65E5F17CAA77F3562BB68EE7FBCA7D2FBB7E6E1595C52F85CE0000000000001C0A412F3BAB087BE7DD1A1F5DCDC3D0D5D8BA9FA55D76CB5C9D5655C1AF32EA44BD7BBC6A67D28B46B96A6E59DDFB8797F65D8E375C7F88CBF93A212F0000000000002B825E76DE32F0FD19E71FABEEAD76E55CFB16678D415C7D72783CFA51A9E86D9E463BAAFB1845A71887F7A57D8F3A9165B7712AE0050000000000600B412FC99807BEAF1CAFF7A9C5D8B9DD7957D08BCAE05A5CDC4DE2ECA65EE93E399F8A2076B1C9EB34AF63D81E44ABDCFEEAA817ED72D57C4CDE492FA2BBDCC7551CFD2CC6F37D61DF799B025E0000000000009E93CD8A5249765E11043EE5A583BFC7670E000060333F2FED3EAF1100C06150D10B0000000000009018412F000000000000406204BD000000000000008911F4020000000000002446D00B0000000000009018412FEC8869FF244EFAD3F2D16B4DA37F924567543E4CCA283AD949BCF99401000000000010F4C26E18C58F6EC4D9B75AF9B834EDC74996455699DE1E06EFAA667CEF45DCFC92F4020000000000BC95A097FDB62128DDC9EAD7D16D0C1A67B196F38E3A91D5BB713C9CC56C564E935E44B7BE37616FEDBFE318DFFC0A512F0000000000C0DB087AD95F9B82D2D930A2D5895DCB7A47B78388E3FF6295F34EA37F3588466F12D7CD7251A1761177C3768CBB3F9E9C43D10DF232CC5EEF0EB9E8127A157457D72DBA7D5EADAB5E97B25BE57E7E0DCB759D4EFEFFB5947CB1FD2A747E5B7BF375CDD3688F6F42512F0000000000C0DB087AD953A3E8B406D11ECED683D268C6F5EC3AFFB7B0257C7C36B05CAC5BCB3B8B40F9A49FAF2914EB8B30757BF0FAA769FCBE8F681CD5CBC7B9E9AFB81937FEECCAB95084A3711FBF2B6D0E5A5771345984D98BA2DFF298A7FD38EF1EC7F031E8BE8B8BB2C951A71EDDE361B9BCD8EE3E5A8FE7511847B71BE5B6D7717DDACE7774BBBA164F8EF1ADED2D5E837A1C35C6F130993F000000000000E09504BDECA7A22BE468C7E95AC8BBC9D3F0B1086A3704966B61EF4BF236EB5B82D78D26F1302E0A7A9F86BAC7F1C7A247EBE1687BB80A706B17974F82E041DC3EDDF9B41F578346F4BEAF2ED07CBB27D5B5EDE13290CDCD03E6555BD35F37315E7637FD9EF6E66AF1DF71C47D35B5060000000000E045825E0EC27AF7C5EBA1EB5AF838AF526DC7B05206FC6770FAB2E783D7D77A6E9B46540B80FF5406C14557CF935EDCB716E7BE3EB66F11482FAF4931B56250AED9AC198BA2DEE2EA4DE3D7CD38DA971795EEA6DFDA1E000000FB62F5B3A069172600000E83A0978350BBB85B54E80EDBE5922D260F312E67573EA37BE1376E5FFB2F8EB76D33AF567EAEDAB75009828BB0775E9D3C8CE36EBDD2ED74BBD2A5F3725A05D49B34BFF7A25174DF5C06E2EB15D36F6F0F000000000080F711F4B29F9E7433FC6AF5A36894B32B45D7CA2F55D0BEE4B9ED8B20F969F7C5CDF8DE6BC4A0F5647CDF693F4E5A8368F4BEAF75815C7DDEB47F15836597CA6B16FB99AB7D8BB3C620AE9E1F3CF84FCBEDCE6F62DC3E5D1DC37BDB2BC727FEB3DB6A0000000000009E23E8654F2D83D2AC52C1FA0A6560D9AA6CB41E9C2EC6945D745F9C2B83D7A75E17BC2E2DDA1C3F29DF9D57210F8FD7BB43AEDFC4D96416776B65B28DE80DCFE2A67C5EBD7B1CC3BBB24BE55167B56DB6187B78D12B752D2EEE26717653AFACCFA7937E3C1FD5D6E2DB5923C6E371B4D7CA79DFDBDE6784E800000000000087279B15FDABB2F38AD0EC292FDD2B14416CBDBBD61D73A3372983D25174B256C47056869F4B8BE58FF16DA3179365703A575DDF8EE130A27575543E671AFD937A3C5C160B2BCF9955C601DEA408641FDB3820C579CF5F8217AECF3FE033070000B0D9A69F97D87D7EA60500D83F82DE44089D52B10C7A9F86C72F29C2E3AB389A1CD698B6A34E16AD18C6EC6D17EB4BF8CC010000000000BB4CD7CDB0138AAEA6236E7EBD758CDB948DE276D088DEF7DD0B79010000000000769D8ADE44A82E4CC57B2B7AD9353E730000000000C02E13F42642E8045FCB670E0000000000D865BA6E06000000000000488CA0170000000000002031825E00000000000080C4087A010000000000001223E805000000000000488CA0170000000000002031825E00000000000080C464B35C39CF0ECBB2AC9C03FE15B74B00000000006057A8E805000000000000488CA0170000000000002031825E00000000000080C4087A010000000000001293CD72E53C3B2CCBB2726EC54B077F8FCF1C0000000000B0CB54F4020000000000002446D00B0000000000009018412F000000000000406204BD000000000000008911F4020000000000002446D00B0000000000009018412F000000000000406204BD246BDA3F8993FEB47CC49F46D1C94E62272FD1A813D9493FBC7A000000000000EF23E8E5CB8C3AD927867BA3F8D18D38FB562B1F4FA37F92B79F65D119958BAA8A60315F7758E16233BEF7226E7E7DFD197FEE6B0D0000000000C053825EBE4CF37A16B3BB8B5846B31F32BA8D41E32C1E73DE52A3D188C1D59F01E3E87610ED76BB7C74386AFF1DC7F8E6D79707AE9FFA5A030000000000F00741EF412BBBF6ED97D5AE59275F525855C7AE2F2F4DFB71F2B8AE5A41FBFC76F32ACFF2C9D5F985C5B6ABAE985F68EB761071FCDF1F41E2F1E565B4C737B156C49A1FEFD5A01DA7A7E5E347CFEFA3E81A7AB56ED505F2B6E5DBAF4B6E59515C9D1E9FF0C2F57E543CAFD85FF1BA559F5BDDFE4957CDCDD33FAFC72B7CF8F579BAFDDAB5C98FF177B91C0000000000807711F41EBC7174BB11C3D92C66B3EB68E64B469D7A748F87F9E362D92C26BDFB683D76C33B8A4E3DDFA03729D70F23CA0ADAE7B75BD73C6D470C6E57E1E0F457DC8C1B8F5D313FDFD6347EDF47348EEAF347EB9A71DA1EAF75573CFD7513E3F6E9FCDCAA9EDDC7B41FE7DDE3F2BA14D35D5C1487B66D79715DCE237E96CB27BD6A6571BEAE759F5FB2D5BA68E7FBBD5E1CD15BAEDBFCF5AADFC6E9FCB993E83506D1CAEAF170B9DC36A27B5EDDB61E478D713C4CCA87AFF4FCEB5384BC1B8EF9B980FABCFA9EB98C87EEA05C070000000000C07B087A89F67011F0CECDAB5F1BD1FBBE8A456B17952AD9A2CBE468C7E522DDCC35E3BAE8A2F7A5ED9E2A2A4DF3966ECB64701EC62EBB627EB1AD493C8C8B82DEE531AC2B42CA71F747193A2EC6F2ADB635F7AAE35D1DDFBA4DCBCBEB503EAA7D3B8BC6F8213FD2DCF477DCC7712C0FB7E84E39EE7F2FC2D8B75EB7DCEAF5AAC5B7B345685C66C68BB697FB9DABC562775B1ADBE6D9D7A7087DDB315CEE34373FE6FC2C37EEA67CFEDA7B667878DD680300000000007C26412F1B1455A3CB6E768BA9156BF5978DA3D8544BFBE2766B8ACADBA268B44812A7F1EB661CEDCBEA98AE6F69EB896A48B9652CDF8567F651BB88BB492FEE5B8B758F5D166F5B9E5BEBD2B9DECD5B2FD5FE8BE34A08FA67B7D31F38D7BFE699D767F2B03AB747CF540E6F7C3E0000000000001F21E8658376A56BE2E5B4ECA238B756315AF5C2764F34BFF7A251740F5C567C9EAE0A44736F6B6B5D33BE175D27DF8EE6A16AE3EC5B2554AD7A611F45A83B5F368CE36E7D35E6EEA6E5A34ED4AB5D3A4FF2735B3C3B1615BDAB30B73558AF86FDD8B9FE3D5B5F9FFAD1EADC1E1555D68DD8D89BF6C6E7030000000000F011825ED6D5BEC559631057954AD53565B5EC6AFD283AC578B22F6DB7C9729BF32763E8BED856513DFA7C77C4F3AE9307AD79A8BAEA32B8E24DC7BBD8DF9FB62DCFAFCA8F4A456F51D15A8CC9FB18E256BACA7ECF757B93C578C6DBBAB97ED60BAF4FEB31F92EAA99AFB6574ECF2B9A2BE738EDC749EBDFD72C030000000000A44CD0CB13B5B8B89BC4D94DBDD295703E1561EE7C7D33AE27BD88EE72FD551CFD2CBAF47D69BB4D1663CC8EC7E368AF95F3BED4D662DCD9F1C67E824BF33032FF7F35A05CF3C23E469DCAF27A748FCB7170B72D6F5EC7B03D8856B9EEEAA8178FA3D016EBA255D92E9F2AE7F2F6EBF616CF54DABEE8B9D76718EDC1EA9CEA376731A98C51BCEEC97BA6FE1097D58A67000000000000DE2C9B152586ECBC22207BEAA05FBA2270BD3A7A265CDC1DC5D8BD4F83D051A708832771F7B7FB672EAE532B6258AD22E6557CE60000000000805DA6A29734155D488F6FE2D7E794BDFE55938771D1777225905E74A7FC158A318AB75735030000000000902A412F896AC6F75EC44D02496FF37A12BDFB6AD7CDF5B839FB826ADE18C5EDA011BDEF625E0000000000807DA3EBE644E84616BE96CF1C7CAD4D9F3980B7F2B51A00000038242A7A010000000000001223E805000000000000488CAE9B13A11B59F85A3E73F0B5AA9F399FB5DDB67CADBC4EEC0AF70F000000E050A9E80500E0D58A204D980600000000FF9E8ADE446CAA2E04BE96DB25FC3D2AF280F772FF000000000E958A5E00000000000080C4087A010000000000001223E805000000000000488CA0170000000000002031D92C57CE0300FC135996957311BE3501DEC2FD0300000038542A7A010000000000001223E8050078A751278BAC332A1F4DA37F92C5497F5A3E5E98F64F223BE9E76BDF6FD37E8A2AC6EAF4B81A000000003808825E008004357A937937B5F369D88E41EBCF901900000000D85F825E0080AF34EDC7C9964ADC79F5EFE3BA9378756EDBBC9E87BDE3EE8F50D80B000000008741D00B00F06546D1398FF85956E24E7A8D185C95DD3A4FFB71DE3D8EE1B24A77761717B5F946AFD33C8D760CE256D20B000000000741D00B00F089C6DD7AA52A378B7A775CAE2934E3FAEE2296F96DEDDB5934C60F31291F87A016000000007825412F00C0275A1B3BB7ACDAAD5AEB9EB9DE8DC718B8761177935EDCB716EB8CB70B000000003C47D00B00F055469DA857BB679EF4622D062EC2DEF9BA611C77EB6BE3F7BE68741B8368C769B37C0C00000000EC35412F00C03F32FA51A9E85D538FA3F542E0E74DFB71D21A44A3F73DE4BC00000000701804BD00005FA5791DC3F6205A65D7CD5747BD6897AB8A6ADFC72E9DB37A748F8771FD4C6ABB361670FD26CE26B3B8BB588EFE0B00000000ECBB6C56F41B0800F00F1561E5926F4D80B770FF000000000E958A5E00000000000080C4087A010000000000001223E805000000000000488CA0170000000000002031825E00000000000080C4087A010000000000001223E805000000000000488CA0170000000000002031825E00000000000080C4087A010000000000001223E805000000000000488CA0170000000000002031825E00000000000080C4087A010000000000001223E805000000000000488CA0170000000000002031825E00000000000080C4087A010000000000001223E805000000000000488CA0170000000000002031825E00000000000080C4087A010000000000001223E805000000000000488CA0170000000000002031825E00000000000080C4087A010000000000001223E805000000000000488CA0170000000000002031825E00000000000080C4087A010000000000001223E805000000000000488CA0170000000000002031825E00000000000080C4087A010000000000001223E805000000000000488CA0170000000000002031825E00000000000080C4087A010000000000001223E805000000000000488CA0170000000000002031825E00000000000080C4087A010000000000001223E805000000000000488CA0170000000000002031825E00000000000080C4087A010000000000001223E805000000000000488CA0170000000000002031825E00000000000080C4087A010000000000001223E805000000000000488CA0170000000000002031825E00000000000080C4087A010000000000001293CD72E53CC087655956CE014FF992BB5DF5DEE13A016FE1FE010000001C2A15BD000000000000008911F4020000000000002446D00B00000000000090987F3A46AFB13CF92CC663DB1D3ED7B09D7BD576C6D804DECBFD030000003854825EF6825FEAED8E4D9F6BAF0F87C867E16D0435C07BB97F00000000874AD7CD000000000000008911F4020000000000002446D00B00000000000090989D1BA3D7B85ABCC4FB66B7797D60C167E16D8CB109BC97FB0700000070A854F4020000000000002446D00B0000000000009018412F000000000000406204BD000000000000008911F4020000000000002446D00B00006C9465D9E304000000C06E11F4020000000000002446D00B00000000000090986C962BE7BFDCA62EE0FEE1E19008EF9BDDE6F581059F85B7D12D2CF019DC670100008043A2A2170000000000002031825E00000000000080C4E8BA99E478DFEC36AF0F2CF82C00FBA07A2FFBE83DEC33DB0200000040452F000000000000407204BD000000000000008911F4020000000000002446D00B0000000000009018412F000000000000406204BD000000000000008911F4020000000000002446D00B0000000000009018412F000000000000406204BD000000000000008911F4020000000000002446D00B0000000000009018412F0000F0D7CD66B3722E22CBB2720E00000080F712F4020000000000002446D00B0000000000009018412F000000000000406204BD000000000000008911F4027CA151278BAC332A1F010000000000BC8FA017383CA34E6459F6385573D779107BD28F69F978274CFB715239DEA7C70C00000000001C1E412F70588AD0B43588F67016B359310D23AE56C16EF33A5F767711B5F2F13F5784D2F56E1C3F1E6F79CCAD4EC87A0100000000E070097AFF862298F94845E047B7075ED088A37A391BCDB8AE04BBEB5D2B4FA37F7212FDE9283A8FD5B445C05A2C5F3E2ED6974FDFF8FCEAFA4DAA6D155335C0CDDB2943E9EB66B9682E3FE6D975FE6FA1D857BE8FFEB24A79B9FD73ED2ED6AD5505AFDD77DE731E0000000000C0574A34E87D1A602CA69357A410D3FE499AE363EABA153E47ED5B9C35C6D1ADBF36B82C9E7B1BA7F34ADA49F41A836865F578B85C54D74E7A11DDF3EA1F6614CFBF8AA349657D7D7BF5EDA8538FEEF1B0ACD42D9E7F1FAD65E03ABA8D41B4E3742DE4DD24DF673762386FA308808B7BE48676D7C2DE97BCED3C000000000080AF957445EFAAEBD5C57477B1339DAD7E2E5DB7C227AAC5C5DD2C86ED22C82CFE68E2E5C0B73D5C56CFD6E2DB59A358F058615BFBEF3862FC1093C5C3B9F6F02E96B7A3DAC565B4E33E7E6FDAC7B41F578346F4BEAF92DCF9F3C737F16BC3F3E77FA8F2F8C71EEB9FFFD531E6A6BFE266DC8E61A50CF8D9E3D8E2D5E70100000000007CB9FDEBBA795EF95A096E1E1F2FAA80EBDD71C4A0350F4A5615C04F2B84AB01CA625D67F44C17A66BD5B6F9BADFE5F247CFB59F7B767B5DB7C2DF301F8B77B6AC54FDDBEFED713C5493E035CBC07939B56250AE79AA7671B7F8438F61BB5CB2C5E4216FF5A97A1C359E3B8ED7F8E8F60000000000C067D9BFA0B776113F1FBB529D46FFBC1BD1FB1917B54515DFA4B7A8C6AB56003FDB756A69D05A75613AAF04FCB14C4897FB9894DB5FC643773DA679BEFD17B6D7752BFC55B58B9FD1FB7000FA92EA98C04FB5CBCF6D752A2B699BA7F9DA41DCBEF543573FCAF7F8D4241EC6CF1DC76B7C747B0000000000E0B3241DF40E5AD52AB85500B9E8FAB41BE727E7D18D5EFC7CAE4BE757769D5AEDC2B479DA8EB8FFBD086ACB2E522F1FF7D18CEB6AB5DD4BEDBFB4FD13BA6E858F293E436BE3798F7E44F7C301E8BA416B55213CED5FC5A07116DF36DD86E6E3050FE26A6B397133BEF71AF37BDD9BC6E42EDB6D55365A3F8E5A143D4E0F960972D1AB40EBCF3AE2579F070000000000F0E5F6688CDE4AC85986A5E3F138DA9717F1722EF1FAAE53FFB0B18BD4A79E69FF55DBAFE8BA153EA6A8E03DBBA9AF3E8FADFBE84D567FD0F019DAC3CB78283FF3F5EE710CEFB6DD878A9E0626EBC7534C951E05E69FF9492FEEAB7FD8D21A44A3F7BD72CF7BAA687718EDB29BFA62AADF9CC5A4721CCDEBCAFAFA435C6EB8A7BCFE3C000000000080AFB67F5D37CF15E3DADE47AFD78E41EB355D0D3FD375EA4B367691FAD433EDBFB4BDAE5BE1932DBA71DFF6599F8FDDFB5809BF786E757CEC79F05A5DD0BCCEDBA8FEA149A118437BD9FEFABAF5F60B4F8F279F9E06AAB58BB8ABAECFA765D7F3CB7DAD3539573D867CFA23A47D728CC579BCF49C72290000000000F0EFED65D03BEAB462D0BE8C8B8BEFD17BD27DE9DCB2DBE5C28B5DA7BEA0F65F1C4765FBA75DA0BED4FE4BDB87AE5B01000000000080757B34466FB6187773D489D66039366D2D2E7EF6A231B87A0C2B6BDFCEA231EE467DF9FCE2392F749DFABC665C4F7A11DD72FBA20BD4FCF1AA9AF6A5F65FDA3E6F41D7AD0000000000004045362BFAE4FC478AF0F0A97F7838AC9946FFA41E0F979BBA84FDB7BC6F769BD707167C16807D50BD977DC63DECB3DB0300000038647B3A462F000000000000C0FE12F4020000000000002446D7CD24C7FB66B7797D60C16701D8079FDDD5F267B70700000070C854F4020000000000002446D00B0000000000009018412F0000F0D73DEDD27E5317F700000000BC9E317A498EF7CD6EF34B5BD8CEBD0A484DF5EBFA47EF61BE8703000000F85C2A7A010000000000001223E805000000000000488CA01700000000000020313B37462FBC9731DE7683CF356CE73E05A4C618BD00000000BB4BD0CBDEF08BC2DDE097B8B0E0B300EC03412F000000C0EED27533000000000000406204BD000000000000008911F4020000000000002466E7C6E8354E172FF1BED96D5E1F58F05900F641F55EF6D17B98FB22000000C0E752D10B0000000000009018412F000000000000406204BD000000000000008911F40200000000000024269BE5CAF92F97655939B7F20F0F874478DFEC36AF0F2CF82C00FBA07A2FFBE83D6CD37D114897EF6B000000FE3D15BD000000C09BF8E30D0000807F4FD00B0000000000009018412F000000000000406204BD0000C05F673C4FD82F3ED3000000FF5E96FF70F6CF7E3ADB34A68F1F167989F7CD6EF3FAC082CF02B00F96F732F72F386CBEAF010000D84D2A7A010080AD843900000000BB49D00B0000000000009018412F000000000000406204BD000000000000008911F4020000000000002446D00B0000000000009018412F000000000000406204BD000000000000008911F4020000000000002446D00B0000000000009018412F0000B0559665E51C00000000BB44D00B00003C4BD80B000000B07B04BD000000000000008911F40200000000000024269BE5CAF92FB7A90BB87F783824C2FB66B7E9DA11B673AF025253FDBAEE1E0687CBCF60000000BB49452F000000000000406204BD000000000000008911F4020000000000002466E7C6E885F7303ED4EEF0B986EDDCAB80D418A3172818A31700006037097AD90B7EC90000F0F904BD4041D00B0000B09B74DD0C0000000000009018412F000000000000406204BD0000000000000089F9A763F4020000BBCB18BD40C118BD000000BB49452F000000000000406204BD000000000000008911F4020000000000002446D00B0000000000009018412F000000000000406204BD000000000000008911F4020000000000002446D00B0000000000009018412F000000000000406204BD000000000000008911F4020000000000002446D00B0000006C359BCDCAB9952CCBCA39000000FE15412F000000000000406204BD000000000000008911F4020000000000002446D00B0000000000009018412F000000000000406204BD000000000000008911F4020000000000002446D00B0000000000009018412F000000000000406204BD000000000000008911F4020000000000002446D00B0000000000009018412F000000000000406204BD000000000000008911F4020000000000002446D00B0000000000009018412F000000000000406204BD0000000000000089C966B9721E000076469665E51CFBEA353F8AECF3FBC08F62A464D367D17B180000E0DF52D10B000000000000901815BD0000EC2415BDEC3B3F8A911215BD000000BB47D00B00C04EAA860ABE65FD37BC069FCF352555825E000080DDA3EB6600000000000080C4087A010000000000001223E805000000000000488CA0170000000000002031825E000060A3D96CF63801000000B05B04BD000000000000008911F4020000000000002446D00B000000BC5996658F130000005F2F9B19700B00801D540D0E7CCBCABEF0BE7E1B0122FC5DEE430000903615BD0000B0C3469D45B55C67542ED861D3FE4964291C28000000C01E10F40200C0CE1AC5EDA011ED762306B70254000000005604BD0000B0AB46B731689CC5F7EF67D118DCC61F51EFB41F27D96A8CCCC762DA6DCB631AFD93D5F22CEB54DA5CAC5B2BC81D75223BE9E76B0ACBF5A3E83C6E7F12FDF9CAC5BA7A771C3168CDD79D2C56C0A729BA9835FDBBE9259BB631EDE6040000EC0F412F0000ECA8D1ED201A67DFA256FB16678D415CAD85A7A3E8D4BB11BD49F9CBFB61E44F88E9D6E545185B8FEEF1B05C3E8B49EF3E5A6B61EFCB06ADAB389A2CB61FB6C7D1FD516C5D8B8BBBA2BD46447BD1FEDD456DB101000000007F85A017000076D1B41F5783469C7D2B02D35A7C3B6BC4F8E6573C46BD45B56FB4E3F231506DC6F5DD45D4B62D9FFE8A9B713B86D7CD7279DEEAC565FECCFBF8FD86E2DBF6F02E964D374FDB11F7BF57C7041C94E51F8D14130000005F4FD00B00003B68FAEB26C68DB398E7BCB9DAB7B3688C6FE25735556D1C45BD9C5DB369F9E421C6E5EC4A3D8E1AE37898940F010000004886A017000076CE347EDD8C23C6DDA82FC7C3AD77639CFF77534D7AC70FB131A3DDB4BC7E148D727665120FE3461C6D4C8B01569E56EDAAE2050000F8F704BD0000B06B463FA23B6E44AF1C0B77391563E08EBB3F1663EA364FA31DD5717B47D139E9C774DBF2729CDF56673522EFB47F1583C7AAE15AFC771C31B82DD74FFB71D21A2CE6DF4257CEB0B7AAF723000000FE3D412F0000EC98D1ED20A27DF93816EED2624CDD412CB2D8665C4F7A11DDFAA2E237BB8AA39F1751DBBABC161777C3680F5AE5F22CEA37673129C6EF9DB79EB7785D595F7F88CB61BB5CF33A8BEEA51755C8278F4133000000007F4336F3A7B80000ECA0226C5CF22D2BFBC2FBFA6D5C2FF87C3E570000B03F54F4020000000000002446D00B0000000000009018412F000000000000406204BD000000000000008911F4020000000000002446D00B0000000000009018412F0000FC53A3E8649DFCDFA569F44F3AE53C000000006C26E80500805D32FA11DDE3D3F241A1087EB3C8B293E84FCB458F8A90B858570D8AF7DFA8539C73399DF4F32B94A6FEC9FA6B3A3FAFCE21BD92000000C047087A010060878C6E07D13E6D968F961AD16E47DCFC7A12698E6E63D068E46B0F471186B66218B3D96C315D3EC4F99F0978929AD7F9F95C3F7DED010000003613F40200C08B9655B5CB6955413BED9FAC963F56632EBA63EE57D6AD156A8E3A956D6ECB858551DC0E1A71542F1F561C9D9E45747F542A77F363BABA8FDE65BEBC62F3F16C3BFE6DCB9795C2CB6943E569757D5955BB79DF5579BBF973FB8FDB17FB5BEDEBE4A5C076DA8FAB413B86D530B4791D7717B5C57CF5BAE6D3EA10B6BF1EC5B954F73B3F8772E5F66B79129DCE62DD62DBD75FC7AAEE781CDD7ABEBC72FDD6AEC13BCE07000000381C825E000078C9BC3BE54A15E9EC3AE651E3B41FE737673129970FA35509DC06D17DB85C3C7FD88E41AB12FEB5EEA337596C3339BACF9F59751CFF95B9E59AFAB7386B0CE276D9FEF457DCC4597CAB86C2DB8E67DBF16F5B9EFF7BFDB82C9F86C7D13D2FBB482EC2D6FB5EB98F61B4A311BD9F17517BF65A548CBB717334593CA73D8856761547C5B598F49E04D91B4C1E62DC388A0D39F8FCB84E2AD7B568EFBE550DA837BF1ECDD3768C6F7E2DCE2DFFF7D74D44EF7B7E159E3D9F71DEDAA2AD79C8FC86EB58D56BE4D7AE38DEBBFCFA95CB1EBDF37C00000080C321E805008097344FA33D6845B592B730FD7513E37137EA6555656B1071FF7B99C4552A4F8BED1773B1E86EF92CBE95C95EEDE272B56EFA3BEECBD93FD5E2E2B21D8332E91DFDE8C6F1E57A40B8F578B61CFFD6E5B9B56AD6A2A1173C7F2DAADA715956E0D68F1AF9C3CB983FAC1541F67D6CDCE4358A1078D956A1761197ED71A5BBEB2DAF47313FBE89F9D396E179DEC6F3E7D35884C14B9F781D1FBDF77C000000808321E8050080172D2B334FE3761EDA5502BD76B592B3ACF07CAFDA7FB15EF3F9C43C50BC8AFEB4E8E2B91D7F0CE55BD8783CDB8E7FCBF2A29AB57B1CC3653B93DE6A1CE0E2181F03D056DCF77EAEC2C8CFBC169BD48FA2317E8849F9F0358E3796475735E3B40C508B7037CEBEADC2F3579FCFEBAFE347BD7C3E000000C0A110F40200C0AB1581DE247A6517CAB56F67D118DCFE51C5F9AC7958595690E6A6FDAB275D373F57D5BA0825BBF52260FD9E3F5AF7F2F1AC1FFFCA93E54FBA482EAA87C7E57C51917CDF5B74BD5C0D3FDF752DDE6A5EF53B8856B54FE8A28BE3E271715DE721F86AF9D596F18E9F6A7EEF45DCFC881FF39CF723E7F3F2757CB50F9C0F000000701804BD0000F082B5EE77B3FA7C3CD679AFB9B58BF8D9BB8FD6E3BAEA18AA5BCCB789E8D617DB9CC765F41ECB651741EEC33325AB4528D9C8FF5B06926BB61CCFB6E3DF7A5ECDEB181E57BA2D8EF6AA6BE0FA5171F095EDB2C5D8B5EFB9165B4DA37F52B6BBA616177793E8DD17DD2497FBA93FC46571D0F9FEEF8AB184CBEB9AD5BB713CBC5B551B3FA708906390FFB7EA52FB2DE7F396EB58F5EDAC7C1F9C94E31F577DE47C000000808390CD8A3FC30700801D53845B4B07F52DEBA813D9ED69CCE649E1EE1975B2B83A9AACBA31FE2BC73B8A4E761BA7B3EB3FAA965377B0EFEB7772BDE0F3F95C0100C0FE50D10B0000BB643E0EEF6DF960F7CCBB39AE56F4B622869F1C4A17DD59E78DEE5DC80B000000F09954F40200B093541CB18FBCAFDFC6F582CFE773050000FB43452F000000000000406204BD000000000000008911F40200C0C1184527EBE4FF02000000903A412F00002469149D937E4CCB479B4DA37F7212FDE79F04000000408204BD000090A4669C1E77E387F25C000000808324E805008044354FDB31B8DD96F416D5BCF5E88EC7D1AD679155AA7F7FF74F22CBF265F9D479DC7C51FDDBE92CD69D2CCB80479DC7E7569F3FCDDB787CCEBC4BE84A5BD37E9CBC586D0C000000C047087A010060D7AD85AD95AE98EB47D118DC6E1973B716177793E8351AD19BCC627677912F290CA2FB7019B359BE6CD88E41AB3A66EF385FBB587777913FBB086C5BF78BED8BE74F7A71DF5AECBFF6DF718C6F7E2DC2DCE9EF887C3FF7BF170736FD7513E3E3FFCAFD01000000F037087A010060A78DA2530D5B67775164B073B5FFE2B89C7DBD760CAF9B8BD9E669FEA8AA11BDEFE5BAC2E421C6EDCBCAFE2EE2B23D8E9B5FD3C5B6E38798E48B8B60372E2FE3B80C7E270FE3689F56DA01000000E0D3097A010060978D6E63D0388B6F5BCB63EFA32CA4FD32C7FF1507D38CD3F6208A9EA3270FC771DA2CC60C2E82DF51DC0EDAF9E3C57301000000F83B04BD000090B4E398E7AE7FC3BC6BE8AB5557D1D37E5C0D1A71545F3C5C8C11DC89DBFBA32816D58FEEE3B6FF3BEEDBA721E705000000F8BB04BD0000B0CB8AB0757C13456FC97F98FE8EFB7276B35A7C3B8BE8D6B3C84EFA8BF174DFA2761177C3E3C5F6C5F8C0F56E1C0F2B5D4717DD370F06717FF66D3E1E6F2DDFD97D377F8E725E00000080BF2E9B15037D0100C08E2982C5A543FF9675DA3F897A775C3E6A446F5286ADA34E64B7A7315B8EB9CBCEF3BE7E1BD70B3E9FCF150000EC0F412F00003BC92FA25F36EA64717B3A0B396F3ABCAFDFC6F582CFE773050000FB43D7CD000090A451DC0EDAA1976400000080C324E80500802435E37A769DFF0B7CA9693F4EB272DCEA72EA8CCA75000000F08504BD000000F01AC5B8D8F56E1C0F67F32E6F17D330A2D509592F0000005F4DD00B0000002F1A45A73588F6F0E9B8D8D5EAFAFC39D949F4FB9DB2DA7719004FA37F52AD02AE06C38B756B55C145A07CD2CFD7148AF5799BD3A2EDE5F6C5E3F94A0000000E98A0170000005E32BA8D41BC665CEC7174BB11C379B56F110017416D3DBAC7C3C72AE049EF3E5A6B61EF4BF236EB577134596E1FF96355C4000000874ED00B00006F34EA542AF31EABEE52B3AC122C1FE6E6E7F5E1C146AB5587E5F4650398FEAD73823F4DFB2795F7F97AE8DA1E56C6CF9EFE8A9B713B869532E0DAC565B4E33E7EBFE1E6D11EDEC5456D31FF9EED010000D83F825E0000788322386CC5AA326F76F910E77BD2876AF33A3F9FF53E69DFA911BDB2F2703E7D4A9BEFF379E704EB6A17778BF7F7B05D2ED962F210E37276A51E478D713C4CCA87EFF2D1ED010000489DA01700005E6BDA8FABC17A655E34AFE36E5966578CAB59A9645D15921655AE9DE8572A0097EB8AE0F8A41214CFAB04CB956B15838F8D2DAA563B9DC5BAC5B6C5B2D57E57D5854FAB6B97D5AE6557B2E3A23BD87C7959955CECAF7A2CEF399FAD368E393A7FF0643FABE59BCFFFCF7DAFAEC1179F1387A5791AED18C4ED5BDF17F5A36894B32B93781837E2A85E3E7C978F6E0F000040EA04BD0000F05A45655EE32836662BD37E9CB4EE5795AC935EDCB7AADD080FA2FB70F9580138682DC2D8E6693BC637BF1E03D05F3711BDEFCD797BE737673129AB6287D1AA048FE3BCB5455BF39079F4636DFCCFC5B8A085665C3F2ECBA7E17174CF8B00B416177793E835CACADBBB8B7CC913EF3C9F85326C9D07A6E536CDEB181E77E7D5CFD3FE79DC9CFD2CBBA11D45A7BA9F59D93DEDB3E73F889BF8593E7F18C7DDF37C1F7FFB9CA019DF7B8DFC7DF1C63F02A87D8BB3C6205A958DA6FDAB1834CEE2DBFC4D5A8BFF8EF377DF32419EBF4F078BF98A41E5BDBABE3D000000874AD00B00009FA10881DB978F636846ED222EDBE3B8F9B54C112B95C0F3CAC052313FBE89F9D38AB13C6311DE4C7FDDC478DC8D7A595D5AE43EF78F0372361661F052D1C6A0953FEFCF6072AD2A764378B4D57BCF67AEDA75F36A5CD1E67511CAD6A3DE3D8ECBE5C2D1EDC6C0EAF9F36FAFB68F669CE6C7F5AA2E6C3F744E50BC65EECA3F10283F53E5E7AAD1FBBE1A93F70FC51F210CCBCFE8629B7AF1470C953F46283E1B8FEBEB0F71B9A13BE8F6F0321ECA3FA0283E43C34D7FCC000000C04111F40200C06B155DB08E1FE22DC3621EFFF75214B3082A8BB0B10837E3ECDB2ABC6957AB74CBEADD8D9695BBA7713B0F92CAC0B7A88A2D02A1651B93DE862E64DFE6E5F379C6F477DC97B3AFF2EAF3FF980F9D1387A776117795F7E5FA7B73F159FC7358E827D5F57F84B4D5F5D7D16C5EBFFC9C7229000000874BD00B0000AFB5A10BD67937ABC5E322041E5CADBA01CE975F0D5E378666F37B2FE2E647FC98E7BC8B68A7F6ED2C6FEFF68D5D07174150D17D71398EE893AEA6473FBA312EE75FF481F3D96C1AFDF36E1C0F6731E9DDAFAEE13C3C2F2B9A2B9E3FFF415CADFAB07DFD717DFA3901000000FC3B825E000078B5721CD8FB5517ACF36E568BF2BDA2CAAF18037739366DBD083557DD163FAB08906390FF57E9C2386FEF6711882EF7B31CEB7683B5EE99B3FA7CBCDE794561392EEE63F7C7D1AE74475C8B6F67B138DE9362DCDE273E723E6B63F4E65367941FE3F9E371D52E2EE7DDD4CEB3DEF97996C7317F7E799ECF9E7F3BBF52E78BE56BC7F537CF0900000060B764B3A2DF270000D8314510B7E45B565646D1C96EE334D1AE6BBDAFDFC6F582CFE773050000FB43452F000000000000406254F40200B093541CB18FBCAFDFC6F582CFE773050000FB43452F000000000000406204BD000000000000008911F4020000000000002446D00B0000000000009018412F000000000000406204BD000000000000008911F4020000000000002446D00B0000000000009018412F000000000000406204BD000000000000008911F40200000000000024269BE5CA790000D81959969573B09FFC28F6B2EA7DC0F582CFE173050000FB43452F000000000000406204BD0000000000000089D175330000003B4917B3F0F97CAE0000607FA8E805000000000000488CA0170000000000002031825E00000000000080C4087A010000000000001293CD72E53C000000EC8C2CCBCA39E06FF02B210000489B8A5E00000000000080C4087A0100000000000012A3EB6600000000000080C4A8E805000000000000488CA0170000000000002031825E00000000000080C4087A010000000000001223E805000000000000488CA0170000000000002031825E00000000000080C4087A010000000000001223E805000000000000488CA0170000000000002031825E00000000000080C4087A010000000000001223E805000000000000488CA0170000000000002031825E00000000000080C4087A010000000000001223E805000000000000488CA0170000000000002031825E00000000000080C4087A010000000000001223E805000000000000488CA0170000000000002031825E00000000000080C4087A010000000000001223E805000000000000488CA0170000000000002031825E00000000000080C4087A010000000000001223E805000000000000488CA0170000000000002031825E00000000000080C4087A010000000000001223E805000000000000488CA0170000000000002031825E00000000000080C4087A010000000000001223E805000000000000488CA0170000000000002031825E00000000000080C4087A010000000000001223E805000000000000488CA0170000000000002031825E00000000000080C4087A010000000000001223E805000000000000488CA0170000000000002031825E00000000000080C4087A010000000000001223E805000000000000488CA0170000000000002031825E00000000000080C4087A010000000000001223E805000000000000488CA0170000000000002031825E00000000000080C4087A010000000000001223E805000000000000488CA0170000000000002031825E00000000000080C4087A010000000000001223E805000000000000488CA0170000000000002031825E00000000000080C4087A010000000000001223E805000000000000488CA0170000000000002031825E00000000000080C4087A010000000000001223E805000000000000488CA0170000000000002031825E00000000000080C4087A010000000000001223E805000000000000488CA0170000000000002031825E00000000000080C4087A010000000000001223E805000000000000488CA0170000000000002031825E00000000000080C4087A010000000000001223E805000000000000488CA0170000000000002031825E00000000000080C4087A010000000000001223E805000000000000488CA0170000000000002031825E00000000000080C4087A010000000000001223E805000000000000488CA0170000000000002031825E00000000000080C4087A010000000000001223E805000000000000488CA0170000000000002031825E00000000000080C4087A010000000000001223E805000000000000488CA0170000000000002031825E00000000000080C4087A010000000000001223E805000000000000488CA0170000000000002031825E00000000000080C4087A010000000000001223E805000000000000488CA0170000000000002031825E00000000000080C4087A010000000000001223E805000000000000488CA0170000000000002031825E00000000000080C4087A010000000000001223E805000000000000488CA0170000000000002031825E00000000000080C4087A010000000000001223E805000000000000488CA0170000000000002031825E00000000000080C4087A010000000000001223E805000000000000488CA0170000000000002031825E00000000000080C4087A010000000000001223E805000000000000488CA0170000000000002031825E00000000000080C4087A010000000000001223E805000000000000488CA017F87F7B76400300008030C8FEA9CDF10D6A000000000000408CE8050000000000008811BD0000000000000031A2170000000000002046F402000000000000C4885E0000000000008018D10B00000000000010237A0100000000000062442F000000000000408CE8050000000000008811BD0000000000000031A2170000000000002046F402000000000000C4885E0000000000008018D10B00000000000010237A0100000000000062442F000000000000408CE8050000000000008811BD0000000000000031A2170000000000002046F402000000000000C4885E0000000000008018D10B00000000000010237A0100000000000062442F000000000000408CE8050000000000008811BD0000000000000031A2170000000000002046F402000000000000C4885E0000000000008018D10B00000000000010237A0100000000000062442F000000000000408CE8050000000000008811BD0000000000000031A2170000000000002046F402000000000000C4885E0000000000008018D10B00000000000010237A0100000000000062442F000000000000408CE8050000000000008811BD0000000000000031A2170000000000002046F402000000000000C4885E0000000000008018D10B00000000000010237A0100000000000062442F000000000000408CE8050000000000008811BD0000000000000031A2170000000000002046F402000000000000C4885E0000000000008018D10B00000000000010237A0100000000000062442F000000000000408CE8050000000000008811BD0000000000000031A2170000000000002046F402000000000000C4885E0000000000008018D10B00000000000010237A0100000000000062442F000000000000408CE8050000000000008811BD0000000000000031A2170000000000002046F402000000000000C4885E0000000000008018D10B00000000000010237A0100000000000062442F000000000000408CE8050000000000008811BD0000000000000031A2170000000000002046F402000000000000C4885E0000000000008018D10B00000000000010237A0100000000000062442F000000000000408CE8050000000000008811BD0000000000000031A2170000000000002046F402000000000000C4885E0000000000008018D10B00000000000010237A0100000000000062442F000000000000408CE8050000000000008811BD0000000000000031A2170000000000002046F402000000000000C4885E0000000000008018D10B00000000000010237A0100000000000062442F000000000000408CE8050000000000008811BD0000000000000031A2170000000000002046F402000000000000C4885E0000000000008018D10B00000000000010237A0100000000000062442F000000000000408CE8050000000000008811BD0000000000000029DB01B723D779B39A0BC80000000049454E44AE426082logo');